dataset,statistic,pvalue,result
AEC,196.02196046871046,4.3995142316551614e-38,H0 rejected
KSH1,164.4627426970022,1.8632392519924756e-31,H0 rejected
KSH10,172.07761248187606,4.731316607114241e-33,H0 rejected
HPC1,168.39960355335688,2.791489930352458e-32,H0 rejected
HPC30,225.39307569910656,2.7906625253096496e-44,H0 rejected
