dataset,statistic,pvalue,result
AEC,169.99219343671376,4.514923714393849e-34,H0 rejected
KSH1,145.94359055927558,5.571006432205315e-29,H0 rejected
HPC1,116.33409034117933,9.585771233703296e-23,H0 rejected
HPC30,171.56004191117196,2.0993140511182623e-34,H0 rejected
KSH10,147.76550071257785,2.295832682608019e-29,H0 rejected
